Uitje;Binnen_of_Buiten
Balorig;Binnen
De Eckerman;Binnen
Bioscoop;Binnen
Kabouterdorp;Buiten
De Klimbim;Buiten
Philips speeltuin;Buiten
Madame Tussaud;Binnen
Madurodam;Buiten
Efteling;Buiten
Speelgoedmuseum;Binnen
Billybird Hemelrijk;Buiten
BestZoo;Buiten
Papegaaien park Veldhoven;Buiten
Diergaarde Blijdorp;Buiten
De Splinter;Buiten
Beekse Bergen;Buiten
Daf Museum;Binnen
Nemo science museum;Binnen
Luchtvaart museum Aviodrome;Binnen
Het Ottenbad;Binnen
Duinrell;Buiten
Toverland;Binnen
Walibi;Buiten
Slagharen;Buiten
Julianatoren;Buiten
DippieDoe;Buiten
Legoland;Binnen
Rondvaart Den Bosch;Buiten
Dierenrijk;Buiten
Klimrijk;Buiten
Oorlogsmuseum Overloon:Buiten
Hullie;Buiten
Museum Bevrijdende Vleugels;Binnen
Prehistorisch dorp;Buiten